n02870880_10.JPEG,0.5994,0.0000,0.9942,0.9940
n02870880_10068.JPEG,0.0000,0.0000,0.9980,0.9944
n02870880_1008.JPEG,0.0000,0.2000,0.8933,0.9960
n02870880_10109.JPEG,0.1440,0.1787,0.7360,0.9973
n02870880_10113.JPEG,0.0533,0.0000,0.9947,0.9940
n02870880_10139.JPEG,0.6780,0.1227,0.9980,0.9973
n02870880_10150.JPEG,0.0000,0.0030,0.1520,0.7695
n02870880_10157.JPEG,0.2020,0.1333,0.9100,0.8827
n02870880_10158.JPEG,0.0000,0.0000,0.9208,0.9938
n02870880_10179.JPEG,0.3093,0.0020,0.9947,0.9960
n02870880_1018.JPEG,0.1580,0.5838,0.8460,0.9973
n02870880_10244.JPEG,0.0253,0.0220,0.9823,0.9440
n02870880_1028.JPEG,0.0460,0.1824,0.9620,0.9970
n02870880_1032.JPEG,0.0905,0.2725,0.4905,0.4916
n02870880_1032.JPEG,0.4968,0.2753,0.8568,0.4916
n02870880_1032.JPEG,0.0000,0.0000,0.8737,0.9270
n02870880_1032.JPEG,0.4884,0.1264,0.8547,0.2697
n02870880_10321.JPEG,0.0933,0.0000,0.9893,0.9560
n02870880_10371.JPEG,0.2720,0.0400,0.6880,0.9060
n02870880_10384.JPEG,0.0032,0.0043,0.9968,0.9915
n02870880_10424.JPEG,0.1580,0.0000,0.9100,0.9970
n02870880_10484.JPEG,0.2080,0.2693,0.9240,0.9147
n02870880_10495.JPEG,0.0560,0.0027,0.9360,0.9893
n02870880_10552.JPEG,0.0000,0.1021,0.9980,0.9369
n02870880_10576.JPEG,0.1174,0.0900,0.9933,0.9360
n02870880_10603.JPEG,0.0000,0.0032,0.9980,0.9968
n02870880_10676.JPEG,0.0027,0.0540,0.9947,0.9960
n02870880_10683.JPEG,0.3653,0.3600,0.6533,0.7360
n02870880_10782.JPEG,0.4933,0.0900,0.9867,0.8260
n02870880_10792.JPEG,0.4900,0.0053,0.9980,0.5227
n02870880_10802.JPEG,0.0000,0.0020,0.9920,0.9960
n02870880_10827.JPEG,0.0800,0.0390,0.8960,0.9760
n02870880_10852.JPEG,0.1627,0.0020,0.6613,0.9960
n02870880_10880.JPEG,0.1947,0.3320,0.9760,0.9920
n02870880_10912.JPEG,0.6220,0.0533,0.8760,0.7227
n02870880_10933.JPEG,0.1047,0.1719,0.8586,0.8646
n02870880_10952.JPEG,0.0349,0.0340,0.9520,0.9940
n02870880_11036.JPEG,0.2500,0.3003,0.6620,0.9940
n02870880_11055.JPEG,0.0120,0.1333,0.6800,0.9947
n02870880_1111.JPEG,0.0053,0.0060,0.9947,0.9960
n02870880_11158.JPEG,0.0020,0.0000,0.8160,0.8676
n02870880_11173.JPEG,0.2883,0.0560,0.9159,0.9160
n02870880_11194.JPEG,0.0280,0.2240,0.9440,0.8080
n02870880_11198.JPEG,0.0000,0.0000,0.9963,0.9972
n02870880_1120.JPEG,0.0440,0.0667,0.8580,0.9947
n02870880_11200.JPEG,0.0000,0.0000,0.9946,0.5400
n02870880_11264.JPEG,0.2027,0.0000,0.9253,0.6560
n02870880_11266.JPEG,0.0400,0.0475,0.5260,0.9446
n02870880_11272.JPEG,0.1532,0.0320,0.8468,0.9940
n02870880_11273.JPEG,0.1340,0.0667,0.5080,0.9973
n02870880_11287.JPEG,0.2125,0.0694,0.8396,0.8917
n02870880_11340.JPEG,0.0000,0.0200,0.9769,0.9960
n02870880_11346.JPEG,0.0573,0.0000,0.8333,0.9960
n02870880_1143.JPEG,0.0020,0.0000,0.9940,0.9950
n02870880_11430.JPEG,0.0000,0.0027,0.4260,0.9013
n02870880_11490.JPEG,0.4565,0.4220,0.8619,0.9400
n02870880_11536.JPEG,0.0479,0.0000,0.8298,0.9716
n02870880_11557.JPEG,0.0560,0.2020,0.9760,0.9960
n02870880_11582.JPEG,0.1360,0.0160,0.8133,0.9760
n02870880_11583.JPEG,0.0580,0.0587,0.8460,0.9547
n02870880_11618.JPEG,0.3440,0.0000,0.9980,0.9973
n02870880_11645.JPEG,0.5547,0.1300,0.9120,0.7920
n02870880_11686.JPEG,0.2667,0.1760,0.7733,0.9960
n02870880_11712.JPEG,0.1712,0.1620,0.6577,0.9960
n02870880_11716.JPEG,0.1547,0.0420,0.6427,0.9460
n02870880_11721.JPEG,0.3440,0.3493,0.7640,0.9253
n02870880_11727.JPEG,0.1227,0.0040,0.7013,0.9960
n02870880_11739.JPEG,0.3620,0.1173,0.6440,0.8427
n02870880_11756.JPEG,0.0571,0.2394,0.8857,0.9953
n02870880_11759.JPEG,0.1880,0.4000,0.8660,0.8533
n02870880_11814.JPEG,0.0000,0.0600,0.8853,0.9960
n02870880_11850.JPEG,0.0027,0.0860,0.9733,0.8900
n02870880_11859.JPEG,0.3547,0.1320,0.7253,0.6340
n02870880_11911.JPEG,0.0155,0.2500,0.9845,0.9960
n02870880_11913.JPEG,0.0000,0.1320,0.6720,0.7040
n02870880_11914.JPEG,0.0460,0.1733,0.9040,0.9547
n02870880_11917.JPEG,0.1472,0.3060,0.8528,0.8940
n02870880_11935.JPEG,0.1532,0.2260,0.7988,0.7820
n02870880_11940.JPEG,0.1253,0.4140,0.8053,0.9860
n02870880_11942.JPEG,0.2356,0.0000,0.9956,0.9860
n02870880_1200.JPEG,0.0020,0.0025,0.9980,0.9975
n02870880_12006.JPEG,0.0000,0.2214,0.9953,0.9929
n02870880_12025.JPEG,0.0000,0.0840,0.9731,0.9975
n02870880_12039.JPEG,0.0000,0.0000,0.9942,0.9960
n02870880_12043.JPEG,0.0600,0.1862,0.8740,0.9970
n02870880_12087.JPEG,0.4320,0.0000,0.9240,0.9973
n02870880_12105.JPEG,0.2120,0.5280,0.5900,0.9973
n02870880_12108.JPEG,0.2960,0.4820,0.7867,0.8120
n02870880_1211.JPEG,0.0000,0.0000,0.9960,0.9958
n02870880_1215.JPEG,0.1200,0.1040,0.8427,0.9960
n02870880_12150.JPEG,0.0880,0.0000,0.9980,0.9973
n02870880_12153.JPEG,0.2293,0.0660,0.7413,0.9860
n02870880_12169.JPEG,0.2349,0.0820,0.7048,0.9400
n02870880_12185.JPEG,0.0038,0.0040,0.9924,0.9960
n02870880_1221.JPEG,0.1413,0.1320,0.3333,0.9660
n02870880_1221.JPEG,0.6587,0.0740,0.9547,0.9940
n02870880_12218.JPEG,0.2400,0.2353,0.8160,0.9973
n02870880_12237.JPEG,0.0000,0.0000,0.9700,0.9698
n02870880_12255.JPEG,0.0053,0.0020,0.9947,0.9960
n02870880_12343.JPEG,0.0000,0.1160,0.9147,0.9920
n02870880_12362.JPEG,0.0020,0.2160,0.9220,0.9973
n02870880_12371.JPEG,0.0000,0.0000,0.8540,0.5133
n02870880_12378.JPEG,0.0071,0.0169,0.9408,0.5856
n02870880_12439.JPEG,0.0125,0.2167,0.9708,0.9417
n02870880_12484.JPEG,0.0000,0.0843,0.2860,0.8886
n02870880_12489.JPEG,0.2102,0.2520,0.8258,0.7700
n02870880_12512.JPEG,0.1940,0.1307,0.5000,0.9627
n02870880_12571.JPEG,0.0120,0.0000,0.9960,0.9973
n02870880_12591.JPEG,0.0980,0.0820,0.8936,0.9540
n02870880_12618.JPEG,0.4565,0.1700,0.8709,0.9960
n02870880_12675.JPEG,0.1129,0.0387,0.8710,0.9227
n02870880_13073.JPEG,0.1360,0.1800,0.6960,0.8820
n02870880_13097.JPEG,0.0020,0.0000,0.9960,0.9940
n02870880_131.JPEG,0.0000,0.0000,0.9980,0.9973
n02870880_1316.JPEG,0.0304,0.0000,0.9554,0.9960
n02870880_13169.JPEG,0.0000,0.1820,0.9954,0.9900
n02870880_13420.JPEG,0.0000,0.0052,0.9980,0.9974
n02870880_13454.JPEG,0.3520,0.2267,0.8300,0.9947
n02870880_13473.JPEG,0.0148,0.0100,0.9822,0.6520
n02870880_13497.JPEG,0.0000,0.0000,0.7900,0.9947
n02870880_13530.JPEG,0.0000,0.0000,0.9947,0.9960
n02870880_13543.JPEG,0.2384,0.4960,0.9099,0.9960
n02870880_13563.JPEG,0.0000,0.5627,0.4180,0.9947
n02870880_1357.JPEG,0.2747,0.1520,0.7333,0.9660
n02870880_13605.JPEG,0.0778,0.0125,0.6111,0.9958
n02870880_13668.JPEG,0.0460,0.0000,0.9980,0.9947
n02870880_13779.JPEG,0.0000,0.0061,0.9980,0.9969
n02870880_13836.JPEG,0.0640,0.1291,0.9480,0.9970
n02870880_13854.JPEG,0.0000,0.0000,0.4745,0.6560
n02870880_13923.JPEG,0.4880,0.1760,0.7260,0.7813
n02870880_1399.JPEG,0.1360,0.1320,0.8827,0.9920
n02870880_140.JPEG,0.0480,0.0000,0.9840,0.9467
n02870880_14010.JPEG,0.0000,0.0000,0.9980,0.9973
n02870880_14087.JPEG,0.0000,0.0000,0.9980,0.9942
n02870880_141.JPEG,0.0000,0.0641,0.9980,0.9957
n02870880_14101.JPEG,0.1720,0.0000,0.7520,0.9759
n02870880_14129.JPEG,0.0000,0.0000,0.9939,0.9960
n02870880_14142.JPEG,0.0040,0.0000,0.9960,0.9840
n02870880_14151.JPEG,0.2880,0.4620,0.7067,0.6760
n02870880_1421.JPEG,0.2940,0.0241,0.8740,0.9973
n02870880_14794.JPEG,0.1093,0.0000,0.8533,0.9960
n02870880_149.JPEG,0.0000,0.0600,0.9947,0.9960
n02870880_15383.JPEG,0.0000,0.0022,0.9795,0.9890
n02870880_1556.JPEG,0.0000,0.0040,0.9960,0.9960
n02870880_1577.JPEG,0.0693,0.0000,0.9947,0.9960
n02870880_1589.JPEG,0.0740,0.0053,0.9920,0.9973
n02870880_1595.JPEG,0.1460,0.0267,0.7140,0.5813
n02870880_1623.JPEG,0.0000,0.0000,0.9980,0.9951
n02870880_16322.JPEG,0.2660,0.0000,0.9980,0.9973
n02870880_16324.JPEG,0.2080,0.1460,0.7013,0.9320
n02870880_1640.JPEG,0.2360,0.1387,0.8160,0.8907
n02870880_1646.JPEG,0.1920,0.0000,0.9980,0.9973
n02870880_1663.JPEG,0.0000,0.0000,0.9947,0.9960
n02870880_1665.JPEG,0.0620,0.0000,0.9980,0.9973
n02870880_1674.JPEG,0.2920,0.0000,0.4740,0.9973
n02870880_1674.JPEG,0.1040,0.0000,0.3000,0.9973
n02870880_1674.JPEG,0.5000,0.0000,0.8360,0.8053
n02870880_17.JPEG,0.0660,0.0667,0.9980,0.9760
n02870880_170.JPEG,0.0080,0.0700,0.4613,0.8260
n02870880_17248.JPEG,0.0000,0.0000,0.9959,0.9960
n02870880_1768.JPEG,0.2540,0.1000,0.7674,0.9960
n02870880_1787.JPEG,0.0700,0.2698,0.7460,0.9062
n02870880_17920.JPEG,0.0000,0.0880,0.9980,0.9413
n02870880_1803.JPEG,0.3920,0.0000,0.9320,0.8533
n02870880_1809.JPEG,0.0000,0.1423,0.9980,0.9964
n02870880_1854.JPEG,0.0000,0.1720,0.3950,0.9960
n02870880_1854.JPEG,0.3473,0.2060,0.6162,0.9960
n02870880_1854.JPEG,0.0056,0.5060,0.3277,0.7540
n02870880_19102.JPEG,0.1722,0.0440,0.8671,0.9500
n02870880_19354.JPEG,0.2240,0.0027,0.5880,0.8053
n02870880_1969.JPEG,0.2060,0.0000,0.3460,0.4100
n02870880_1969.JPEG,0.0000,0.0000,0.4920,0.5280
n02870880_1969.JPEG,0.8000,0.0029,0.9520,0.4012
n02870880_1969.JPEG,0.6860,0.0000,0.9980,0.5457
n02870880_2006.JPEG,0.2267,0.0860,0.6827,0.8040
n02870880_2018.JPEG,0.0000,0.0000,0.9980,0.9973
n02870880_20288.JPEG,0.0000,0.0071,0.9953,0.9929
n02870880_2053.JPEG,0.1500,0.0978,0.7367,0.9333
n02870880_20621.JPEG,0.0000,0.1240,0.7560,0.7260
n02870880_20644.JPEG,0.0427,0.1040,0.4267,0.9840
n02870880_20767.JPEG,0.0320,0.2320,0.9787,0.8360
n02870880_21136.JPEG,0.0000,0.2320,0.9940,0.9960
n02870880_21150.JPEG,0.1013,0.0000,0.8213,0.9960
n02870880_2129.JPEG,0.4160,0.2672,0.6540,0.9127
n02870880_21307.JPEG,0.2763,0.0000,0.9940,0.9960
n02870880_2167.JPEG,0.0000,0.4260,0.5120,0.9800
n02870880_21743.JPEG,0.0027,0.0020,0.9920,0.9960
n02870880_2182.JPEG,0.3183,0.1620,0.7688,0.7260
n02870880_2203.JPEG,0.1167,0.1760,0.6767,0.8260
n02870880_22205.JPEG,0.2520,0.1227,0.7280,0.9202
n02870880_22471.JPEG,0.0460,0.0000,0.9660,0.9120
n02870880_2266.JPEG,0.2133,0.0020,0.8587,0.9960
n02870880_2272.JPEG,0.0000,0.0000,0.9980,0.9970
n02870880_2314.JPEG,0.0000,0.0000,0.9140,0.9968
n02870880_2338.JPEG,0.0693,0.0000,0.7627,0.9960
n02870880_238.JPEG,0.3680,0.2060,0.7280,0.8800
n02870880_2385.JPEG,0.2994,0.1340,0.7515,0.6240
n02870880_2400.JPEG,0.1411,0.0000,0.8408,0.7620
n02870880_2428.JPEG,0.0260,0.0379,0.9720,0.9534
n02870880_2431.JPEG,0.2344,0.0013,0.9941,0.9974
n02870880_247.JPEG,0.0320,0.3820,0.5880,0.9395
n02870880_2473.JPEG,0.3227,0.0100,0.8533,0.9860
n02870880_249.JPEG,0.0000,0.0560,0.9980,0.9973
n02870880_2511.JPEG,0.3975,0.1244,0.7525,0.9570
n02870880_2522.JPEG,0.0000,0.0000,0.9980,0.9973
n02870880_253.JPEG,0.0735,0.0574,0.9524,0.9446
n02870880_2546.JPEG,0.2600,0.1307,0.8120,0.9840
n02870880_255.JPEG,0.0000,0.1787,0.5680,0.8667
n02870880_2594.JPEG,0.0000,0.0000,0.7620,0.9973
n02870880_2615.JPEG,0.1800,0.0107,0.8380,0.9627
n02870880_2618.JPEG,0.0000,0.0000,0.6400,0.8667
n02870880_2622.JPEG,0.0020,0.0027,0.9380,0.9973
n02870880_2643.JPEG,0.0022,0.0000,0.9956,0.9967
n02870880_2656.JPEG,0.2280,0.2187,0.5120,0.9973
n02870880_2656.JPEG,0.5120,0.5653,0.8300,0.9920
n02870880_2673.JPEG,0.2340,0.3333,0.7960,0.9940
n02870880_2678.JPEG,0.2120,0.1173,0.6980,0.8507
n02870880_2686.JPEG,0.2875,0.2360,0.6650,0.8720
n02870880_2714.JPEG,0.5540,0.2373,0.9980,0.9973
n02870880_2724.JPEG,0.0000,0.0020,0.9940,0.9960
n02870880_2753.JPEG,0.2969,0.0460,0.7283,0.9620
n02870880_2757.JPEG,0.0293,0.0540,0.9387,0.8720
n02870880_2778.JPEG,0.0000,0.1900,0.8933,0.9960
n02870880_2786.JPEG,0.0030,0.0000,0.9940,0.9840
n02870880_2825.JPEG,0.1647,0.0440,0.8263,0.8260
n02870880_283.JPEG,0.0050,0.3640,0.9849,0.9600
n02870880_2836.JPEG,0.1520,0.4107,0.8360,0.9973
n02870880_2861.JPEG,0.0940,0.1627,0.9680,0.9973
n02870880_2889.JPEG,0.0264,0.0913,0.9499,0.9957
n02870880_2930.JPEG,0.1440,0.0150,0.8040,0.9940
n02870880_2935.JPEG,0.7460,0.0985,0.9743,0.8209
n02870880_2939.JPEG,0.0380,0.0000,0.9980,0.9973
n02870880_2947.JPEG,0.1209,0.0769,0.9263,0.9945
n02870880_298.JPEG,0.0040,0.0000,0.9980,0.9947
n02870880_2988.JPEG,0.1277,0.1000,0.8830,0.9960
n02870880_3015.JPEG,0.0643,0.0972,0.9500,0.9414
n02870880_3018.JPEG,0.1320,0.0027,0.8500,0.9920
n02870880_3018.JPEG,0.3780,0.0213,0.5220,0.9200
n02870880_302.JPEG,0.2460,0.1231,0.4820,0.9610
n02870880_3037.JPEG,0.1787,0.1560,0.7493,0.9940
n02870880_3080.JPEG,0.0000,0.0027,0.5060,0.8133
n02870880_3110.JPEG,0.0360,0.0000,0.9720,0.9956
n02870880_3117.JPEG,0.0027,0.1540,0.9547,0.9200
n02870880_3134.JPEG,0.0613,0.0020,0.9600,0.9920
n02870880_3144.JPEG,0.0020,0.0027,0.9980,0.9973
n02870880_3162.JPEG,0.2380,0.1789,0.6740,0.8966
n02870880_3177.JPEG,0.0000,0.0040,0.9940,0.9960
n02870880_3203.JPEG,0.0000,0.0027,0.9980,0.9973
n02870880_3210.JPEG,0.0220,0.1547,0.8400,0.9973
n02870880_323.JPEG,0.0000,0.0000,0.9980,0.9973
n02870880_328.JPEG,0.0667,0.2100,0.6160,0.9220
n02870880_3316.JPEG,0.0120,0.0000,0.9300,0.9973
n02870880_3354.JPEG,0.1300,0.0560,0.8460,0.9300
n02870880_3383.JPEG,0.0489,0.0040,0.9946,0.9960
n02870880_3388.JPEG,0.1547,0.2840,0.6187,0.9960
n02870880_339.JPEG,0.2624,0.0198,0.7178,0.9901
n02870880_3425.JPEG,0.1360,0.0200,0.6747,0.9620
n02870880_3466.JPEG,0.0000,0.1120,0.9952,0.9760
n02870880_3469.JPEG,0.2053,0.0260,0.7253,0.9960
n02870880_3516.JPEG,0.0693,0.3960,0.9280,0.8500
n02870880_3524.JPEG,0.4980,0.1813,0.8580,0.9893
n02870880_3540.JPEG,0.0200,0.0000,0.9720,0.9970
n02870880_3546.JPEG,0.0820,0.0453,0.9980,0.9760
n02870880_355.JPEG,0.0000,0.0030,0.9480,0.9970
n02870880_3578.JPEG,0.1860,0.3067,0.7640,0.9973
n02870880_3589.JPEG,0.0000,0.0507,0.9960,0.9973
n02870880_361.JPEG,0.1387,0.0000,0.8213,0.9960
n02870880_3627.JPEG,0.2533,0.0320,0.8000,0.9964
n02870880_3702.JPEG,0.0000,0.0200,0.9920,0.9960
n02870880_374.JPEG,0.0000,0.2520,0.9955,0.9960
n02870880_3794.JPEG,0.0000,0.0187,0.9680,0.9973
n02870880_384.JPEG,0.0000,0.0000,0.9947,0.9960
n02870880_389.JPEG,0.0109,0.0000,0.9956,0.9960
n02870880_3897.JPEG,0.3480,0.0000,0.9980,0.8960
n02870880_3986.JPEG,0.0027,0.0500,0.7120,0.9960
n02870880_404.JPEG,0.0000,0.0000,0.9947,0.9960
n02870880_4100.JPEG,0.0020,0.0027,0.9980,0.9973
n02870880_4131.JPEG,0.0000,0.0000,0.9947,0.9960
n02870880_4215.JPEG,0.3253,0.1640,0.7333,0.8440
n02870880_4235.JPEG,0.0000,0.0000,0.9947,0.9960
n02870880_4265.JPEG,0.0400,0.1200,0.9547,0.9960
n02870880_4268.JPEG,0.0860,0.0507,0.8960,0.9973
n02870880_4293.JPEG,0.0000,0.0059,0.9978,0.9881
n02870880_4325.JPEG,0.1492,0.0577,0.8255,0.9525
n02870880_436.JPEG,0.0800,0.0027,0.6800,0.9733
n02870880_4390.JPEG,0.5138,0.2950,0.6800,0.5217
n02870880_4390.JPEG,0.1700,0.7217,0.3675,0.9500
n02870880_4390.JPEG,0.1325,0.0467,0.8925,0.9467
n02870880_4390.JPEG,0.6825,0.0467,0.8525,0.3117
n02870880_4394.JPEG,0.0241,0.0172,0.9781,0.9844
n02870880_4395.JPEG,0.1147,0.0400,0.9147,0.9960
n02870880_4399.JPEG,0.2580,0.0000,0.9980,0.9975
n02870880_4405.JPEG,0.0800,0.0773,0.3860,0.9707
n02870880_4421.JPEG,0.1836,0.1067,0.8937,0.9167
n02870880_4428.JPEG,0.0020,0.0053,0.9940,0.8987
n02870880_4432.JPEG,0.2560,0.0040,0.7520,0.9900
n02870880_4480.JPEG,0.1200,0.1100,0.8800,0.9460
n02870880_450.JPEG,0.1920,0.0220,0.9947,0.9960
n02870880_4514.JPEG,0.1093,0.2100,0.9760,0.9960
n02870880_4525.JPEG,0.0000,0.0000,0.9935,0.9960
n02870880_4559.JPEG,0.0542,0.2167,0.9917,0.9528
n02870880_4610.JPEG,0.3162,0.5267,0.7725,0.7750
n02870880_4610.JPEG,0.8037,0.8117,0.9975,0.9967
n02870880_4610.JPEG,0.0000,0.0917,0.9975,0.9967
n02870880_4610.JPEG,0.8025,0.5317,0.9938,0.8100
n02870880_4635.JPEG,0.0160,0.0020,0.5947,0.9960
n02870880_464.JPEG,0.4747,0.0540,0.9947,0.9960
n02870880_4661.JPEG,0.0000,0.0000,0.9956,0.9942
n02870880_4676.JPEG,0.4480,0.2960,0.7093,0.8020
n02870880_468.JPEG,0.1600,0.2300,0.7520,0.9060
n02870880_4703.JPEG,0.0080,0.3540,0.9920,0.7360
n02870880_4728.JPEG,0.1729,0.1969,0.8833,0.9391
n02870880_473.JPEG,0.0000,0.0220,0.9920,0.9920
n02870880_4745.JPEG,0.0000,0.0000,0.9943,0.9960
n02870880_479.JPEG,0.0000,0.0000,0.9947,0.9960
n02870880_4803.JPEG,0.0020,0.0000,0.9020,0.9957
n02870880_4807.JPEG,0.0022,0.0000,0.9956,0.9967
n02870880_483.JPEG,0.0882,0.0340,0.9191,0.9560
n02870880_4867.JPEG,0.0025,0.2492,0.9925,0.9970
n02870880_49.JPEG,0.0000,0.0235,0.9720,0.9677
n02870880_5.JPEG,0.0563,0.0267,0.9563,0.9867
n02870880_5031.JPEG,0.1067,0.3120,0.6267,0.8500
n02870880_5124.JPEG,0.2080,0.2587,0.9980,0.9973
n02870880_52.JPEG,0.0020,0.0480,0.9980,0.9947
n02870880_522.JPEG,0.0293,0.0960,0.9093,0.9960
n02870880_523.JPEG,0.0467,0.0469,0.9667,0.9792
n02870880_531.JPEG,0.2800,0.0000,0.7120,0.9910
n02870880_531.JPEG,0.6900,0.0030,0.9980,0.9970
n02870880_531.JPEG,0.0000,0.0000,0.3120,0.9970
n02870880_55.JPEG,0.1680,0.0720,0.6800,0.9700
n02870880_5541.JPEG,0.4354,0.2400,0.9129,0.3460
n02870880_5541.JPEG,0.4655,0.6140,0.9279,0.6960
n02870880_5541.JPEG,0.4505,0.2320,0.9339,0.8160
n02870880_5541.JPEG,0.4535,0.4200,0.9069,0.5060
n02870880_555.JPEG,0.1893,0.2940,0.9200,0.9960
n02870880_5767.JPEG,0.0948,0.0150,0.9336,0.9250
n02870880_5851.JPEG,0.0000,0.0038,0.9980,0.9962
n02870880_5887.JPEG,0.0240,0.0299,0.9800,0.9431
n02870880_5894.JPEG,0.5766,0.0060,0.9940,0.7520
n02870880_595.JPEG,0.0133,0.0000,0.9947,0.9720
n02870880_6018.JPEG,0.0720,0.1340,0.9947,0.9340
n02870880_6034.JPEG,0.0000,0.3333,0.9980,0.8720
n02870880_6071.JPEG,0.0020,0.0000,0.9980,0.9426
n02870880_6091.JPEG,0.0000,0.0000,0.9547,0.9800
n02870880_6131.JPEG,0.0000,0.0000,0.9960,0.9960
n02870880_6157.JPEG,0.1600,0.2100,0.7089,0.3817
n02870880_6157.JPEG,0.1489,0.5367,0.6822,0.6867
n02870880_6157.JPEG,0.0733,0.0050,0.9956,0.9967
n02870880_6157.JPEG,0.7667,0.2017,0.9956,0.3950
n02870880_6157.JPEG,0.7422,0.0150,0.9956,0.9967
n02870880_6163.JPEG,0.0000,0.0000,0.9980,0.9948
n02870880_618.JPEG,0.0060,0.0133,0.5000,0.9947
n02870880_6207.JPEG,0.0453,0.1520,0.8293,0.9800
n02870880_6238.JPEG,0.1200,0.1820,0.5520,0.9960
n02870880_624.JPEG,0.0260,0.0298,0.9920,0.9821
n02870880_6248.JPEG,0.0933,0.1640,0.7360,0.3200
n02870880_6248.JPEG,0.1227,0.4600,0.7360,0.6420
n02870880_6248.JPEG,0.0960,0.0000,0.7600,0.1600
n02870880_6248.JPEG,0.0880,0.0000,0.7547,0.9960
n02870880_6248.JPEG,0.1280,0.6420,0.7147,0.8240
n02870880_625.JPEG,0.0000,0.0000,0.9980,0.9973
n02870880_6341.JPEG,0.0000,0.0200,0.9940,0.9960
n02870880_6344.JPEG,0.0000,0.0053,0.9360,0.9973
n02870880_6355.JPEG,0.0187,0.7120,0.3013,0.8560
n02870880_6355.JPEG,0.6587,0.5960,0.8587,0.7500
n02870880_6355.JPEG,0.0133,0.1140,0.9067,0.9140
n02870880_6355.JPEG,0.3120,0.3120,0.4960,0.4540
n02870880_636.JPEG,0.0667,0.0560,0.9893,0.8800
n02870880_6383.JPEG,0.0187,0.0548,0.9963,0.9974
n02870880_6422.JPEG,0.0000,0.0000,0.9960,0.9950
n02870880_6435.JPEG,0.0000,0.0025,0.8400,0.9975
n02870880_6445.JPEG,0.1493,0.0340,0.9600,0.9040
n02870880_6463.JPEG,0.0347,0.1060,0.9467,0.6600
n02870880_6470.JPEG,0.0000,0.0933,0.8267,0.9000
n02870880_6523.JPEG,0.0020,0.0000,0.9960,0.9973
n02870880_6559.JPEG,0.1640,0.0587,0.8320,0.9440
n02870880_6560.JPEG,0.0987,0.0520,0.9947,0.7240
n02870880_6588.JPEG,0.0420,0.0907,0.3980,0.8667
n02870880_6657.JPEG,0.0000,0.0000,0.9960,0.9960
n02870880_6700.JPEG,0.1880,0.0420,0.9100,0.9970
n02870880_6724.JPEG,0.0000,0.2420,0.9940,0.9960
n02870880_6747.JPEG,0.0027,0.0040,0.9947,0.9760
n02870880_6748.JPEG,0.0000,0.0000,0.7413,0.9120
n02870880_6785.JPEG,0.0000,0.0020,0.9940,0.9960
n02870880_68.JPEG,0.6160,0.2747,0.8340,0.8187
n02870880_6873.JPEG,0.2160,0.1060,0.7653,0.9940
n02870880_6876.JPEG,0.0000,0.0020,0.6649,0.7600
n02870880_6892.JPEG,0.0030,0.0040,0.9940,0.9960
n02870880_69.JPEG,0.0040,0.0587,0.9880,0.9893
n02870880_6903.JPEG,0.1080,0.1604,0.9640,0.9973
n02870880_692.JPEG,0.0027,0.0000,0.9947,0.9960
n02870880_6923.JPEG,0.0000,0.0000,0.9947,0.9200
n02870880_6969.JPEG,0.0187,0.2000,0.9771,0.7917
n02870880_7003.JPEG,0.0000,0.2453,0.9980,0.8587
n02870880_711.JPEG,0.0560,0.0000,0.8680,0.9973
n02870880_7154.JPEG,0.3520,0.0020,0.9947,0.9960
n02870880_7214.JPEG,0.2213,0.1200,0.7733,0.9960
n02870880_7229.JPEG,0.1253,0.0000,0.8453,0.9520
n02870880_7264.JPEG,0.0035,0.0000,0.9929,0.9960
n02870880_73.JPEG,0.3200,0.4107,0.9200,0.8880
n02870880_7337.JPEG,0.5872,0.1220,0.9942,0.9960
n02870880_7341.JPEG,0.0000,0.0440,0.4320,0.9620
n02870880_736.JPEG,0.0000,0.0000,0.9980,0.9947
n02870880_7369.JPEG,0.0000,0.0000,0.9947,0.9960
n02870880_7389.JPEG,0.1100,0.0120,0.7160,0.9970
n02870880_754.JPEG,0.0020,0.0027,0.8880,0.9947
n02870880_7599.JPEG,0.2125,0.2750,0.7958,0.9969
n02870880_7628.JPEG,0.1221,0.0620,0.8372,0.8460
n02870880_7641.JPEG,0.2320,0.0000,0.9947,0.9940
n02870880_7716.JPEG,0.0056,0.1680,0.9605,0.7600
n02870880_7721.JPEG,0.2293,0.0520,0.7627,0.9960
n02870880_7727.JPEG,0.0000,0.0000,0.9947,0.9960
n02870880_7790.JPEG,0.0689,0.0000,0.9622,0.9933
n02870880_7805.JPEG,0.4514,0.2955,0.6991,0.8358
n02870880_787.JPEG,0.3680,0.5547,0.8240,0.9973
n02870880_7897.JPEG,0.0000,0.0220,0.9947,0.9960
n02870880_7935.JPEG,0.1253,0.1320,0.9360,0.9960
n02870880_7998.JPEG,0.2213,0.0140,0.8693,0.9920
n02870880_80.JPEG,0.0427,0.0400,0.9253,0.9960
n02870880_803.JPEG,0.3020,0.1114,0.6860,0.7771
n02870880_8037.JPEG,0.0512,0.2720,0.8976,0.9920
n02870880_8097.JPEG,0.0000,0.0000,0.9947,0.9960
n02870880_8168.JPEG,0.2960,0.0000,0.7093,0.9100
n02870880_8196.JPEG,0.3820,0.0400,0.6200,0.8720
n02870880_8197.JPEG,0.0000,0.0000,0.9980,0.9973
n02870880_8203.JPEG,0.0057,0.0056,0.9143,0.8989
n02870880_8207.JPEG,0.1832,0.1860,0.9880,0.9820
n02870880_821.JPEG,0.0060,0.0000,0.9940,0.9947
n02870880_8322.JPEG,0.0693,0.2420,0.7387,0.9960
n02870880_8409.JPEG,0.0027,0.0000,0.9947,0.9960
n02870880_8423.JPEG,0.0827,0.0820,0.8533,0.9960
n02870880_8452.JPEG,0.0133,0.0400,0.9920,0.9840
n02870880_8479.JPEG,0.0440,0.0000,0.9720,0.9973
n02870880_856.JPEG,0.0000,0.1540,0.9940,0.9420
n02870880_8583.JPEG,0.0133,0.0000,0.9947,0.9960
n02870880_859.JPEG,0.0480,0.2160,0.7200,0.9960
n02870880_8590.JPEG,0.1060,0.2137,0.9960,0.9839
n02870880_8646.JPEG,0.0020,0.0000,0.9960,0.9940
n02870880_867.JPEG,0.0000,0.0000,0.9950,0.9960
n02870880_8752.JPEG,0.0060,0.0040,0.9960,0.9960
n02870880_881.JPEG,0.4453,0.3100,0.8667,0.7800
n02870880_8878.JPEG,0.4480,0.0560,0.9980,0.9973
n02870880_8917.JPEG,0.3120,0.0240,0.7040,0.9970
n02870880_893.JPEG,0.0445,0.2120,0.9110,0.9960
n02870880_8952.JPEG,0.0000,0.0000,0.9627,0.9960
n02870880_8981.JPEG,0.0020,0.0000,0.9980,0.9975
n02870880_901.JPEG,0.1121,0.3320,0.9089,0.7860
n02870880_9011.JPEG,0.0733,0.0742,0.8967,0.9093
n02870880_9089.JPEG,0.0760,0.0512,0.8980,0.9970
n02870880_9104.JPEG,0.0020,0.2520,0.9980,0.9973
n02870880_9176.JPEG,0.1360,0.0560,0.7780,0.9813
n02870880_9209.JPEG,0.0185,0.0040,0.9938,0.7560
n02870880_922.JPEG,0.1580,0.0841,0.7220,0.9399
n02870880_9228.JPEG,0.2453,0.1688,0.4938,0.9896
n02870880_9228.JPEG,0.0000,0.1562,0.9500,0.9958
n02870880_9247.JPEG,0.0000,0.0000,0.9980,0.9973
n02870880_9276.JPEG,0.0000,0.1020,0.9953,0.9940
n02870880_9288.JPEG,0.0000,0.0536,0.9980,0.9955
n02870880_9308.JPEG,0.0030,0.0060,0.9910,0.9960
n02870880_9319.JPEG,0.1787,0.0960,0.8427,0.9340
n02870880_9348.JPEG,0.0853,0.0900,0.6480,0.9900
n02870880_9354.JPEG,0.0053,0.0340,0.9813,0.9900
n02870880_9372.JPEG,0.1091,0.0060,0.9127,0.9960
n02870880_9375.JPEG,0.2387,0.0000,0.7003,0.9960
n02870880_9439.JPEG,0.0782,0.0331,0.9731,0.9522
n02870880_9458.JPEG,0.2533,0.0300,0.8080,0.9960
n02870880_9461.JPEG,0.0000,0.3600,0.9300,0.9947
n02870880_949.JPEG,0.2760,0.1600,0.7320,0.8080
n02870880_9502.JPEG,0.0020,0.6757,0.9960,0.9940
n02870880_9585.JPEG,0.1008,0.1020,0.9946,0.8840
n02870880_9592.JPEG,0.0060,0.0027,0.7260,0.9973
n02870880_9642.JPEG,0.0081,0.0000,0.9892,0.9960
n02870880_9682.JPEG,0.0341,0.0466,0.9860,0.9197
n02870880_9700.JPEG,0.3340,0.2987,0.5620,0.8480
n02870880_975.JPEG,0.0000,0.0000,0.9938,0.9958
n02870880_9829.JPEG,0.0667,0.1760,0.9867,0.9560
n02870880_9837.JPEG,0.0030,0.0600,0.9940,0.9120
n02870880_9853.JPEG,0.1380,0.0240,0.8420,0.9360
n02870880_9867.JPEG,0.0000,0.0000,0.9960,0.9947
n02870880_9873.JPEG,0.1253,0.0020,0.8587,0.9960
n02870880_9884.JPEG,0.4180,0.3493,0.6840,0.9813
n02870880_9890.JPEG,0.1380,0.0027,0.8160,0.9973
n02870880_9906.JPEG,0.0714,0.0000,0.9600,0.9966
n02870880_9927.JPEG,0.0000,0.0000,0.9940,0.9960
n02870880_9933.JPEG,0.0000,0.0053,0.9980,0.9973
n02870880_9944.JPEG,0.2500,0.0000,0.7220,0.9489
n02870880_996.JPEG,0.0080,0.2300,0.7333,0.9960
n03710193_1011.JPEG,0.2447,0.0620,0.7553,0.9300
n03710193_10170.JPEG,0.3483,0.1320,0.8859,0.9740
n03710193_10203.JPEG,0.1000,0.0040,0.4940,0.5300
n03710193_10255.JPEG,0.1740,0.2187,0.7880,0.8747
n03710193_10285.JPEG,0.2460,0.0500,0.7380,0.9460
n03710193_10356.JPEG,0.1547,0.1400,0.6853,0.4140
n03710193_10369.JPEG,0.3520,0.2133,0.7300,0.4720
n03710193_10505.JPEG,0.0240,0.0931,0.3120,0.9940
n03710193_1058.JPEG,0.2861,0.2000,0.6818,0.9700
n03710193_10723.JPEG,0.2440,0.1585,0.4540,0.5067
n03710193_10780.JPEG,0.0040,0.0225,0.9240,0.9950
n03710193_10803.JPEG,0.0120,0.1021,0.1920,0.3574
n03710193_10803.JPEG,0.6060,0.0480,0.8080,0.2703
n03710193_10803.JPEG,0.2800,0.0811,0.5120,0.2883
n03710193_10803.JPEG,0.1860,0.0901,0.2880,0.3033
n03710193_10803.JPEG,0.4940,0.0961,0.6140,0.2763
n03710193_10803.JPEG,0.7980,0.0571,0.9220,0.2673
n03710193_10888.JPEG,0.2533,0.0520,0.7360,0.9300
n03710193_1093.JPEG,0.2010,0.0260,0.8402,0.8640
n03710193_1095.JPEG,0.2156,0.0540,0.6976,0.9920
n03710193_11083.JPEG,0.3059,0.0840,0.7021,0.9400
n03710193_11103.JPEG,0.2140,0.1893,0.5360,0.9947
n03710193_11155.JPEG,0.2620,0.1547,0.6700,0.7733
n03710193_11191.JPEG,0.3220,0.0160,0.6660,0.9893
n03710193_11290.JPEG,0.2347,0.1260,0.8053,0.7620
n03710193_1135.JPEG,0.1800,0.0090,0.7380,0.9970
n03710193_1147.JPEG,0.2995,0.0320,0.6872,0.9460
n03710193_11552.JPEG,0.2660,0.0400,0.7181,0.9540
n03710193_1164.JPEG,0.1222,0.1472,0.9630,0.5167
n03710193_1178.JPEG,0.2567,0.0820,0.7086,0.9120
n03710193_1181.JPEG,0.3127,0.3540,0.7529,0.5220
n03710193_11837.JPEG,0.2326,0.0260,0.7754,0.9820
n03710193_1185.JPEG,0.0415,0.2580,0.6477,0.9260
n03710193_1185.JPEG,0.5518,0.2480,0.9456,0.8660
n03710193_11947.JPEG,0.0720,0.5800,0.2587,0.7420
n03710193_12145.JPEG,0.0862,0.5220,0.6954,0.9960
n03710193_12203.JPEG,0.0740,0.0060,0.9980,0.9970
n03710193_12256.JPEG,0.0293,0.4760,0.6133,0.6840
n03710193_1231.JPEG,0.0000,0.0100,0.9879,0.9960
n03710193_12429.JPEG,0.2834,0.0400,0.7139,0.9560
n03710193_12491.JPEG,0.0660,0.2960,0.5580,0.8453
n03710193_12523.JPEG,0.2713,0.0820,0.7287,0.9460
n03710193_12537.JPEG,0.2807,0.0560,0.7086,0.9500
n03710193_12552.JPEG,0.3360,0.0200,0.8933,0.9420
n03710193_12579.JPEG,0.2219,0.1400,0.7968,0.9540
n03710193_12605.JPEG,0.2727,0.0420,0.7086,0.9700
n03710193_12618.JPEG,0.3881,0.2440,0.7552,0.4120
n03710193_12629.JPEG,0.2460,0.0620,0.7380,0.9420
n03710193_12646.JPEG,0.2693,0.0620,0.7227,0.9320
n03710193_12674.JPEG,0.7400,0.4114,0.8200,0.6036
n03710193_12683.JPEG,0.2933,0.0460,0.7093,0.9600
n03710193_1272.JPEG,0.2693,0.0500,0.7253,0.9560
n03710193_12734.JPEG,0.0040,0.1067,0.6000,0.9973
n03710193_12734.JPEG,0.5620,0.1893,0.9300,0.9947
n03710193_1274.JPEG,0.3063,0.3920,0.8769,0.9660
n03710193_12777.JPEG,0.0720,0.0740,0.8000,0.9960
n03710193_12811.JPEG,0.0360,0.0655,0.4800,0.9911
n03710193_1285.JPEG,0.4740,0.3263,0.6580,0.8187
n03710193_12875.JPEG,0.2360,0.2026,0.4260,0.4084
n03710193_12904.JPEG,0.1160,0.0872,0.7380,0.9564
n03710193_12904.JPEG,0.7240,0.2461,0.9900,0.6698
n03710193_12907.JPEG,0.0217,0.0460,0.8157,0.3520
n03710193_12941.JPEG,0.2398,0.1040,0.5803,0.7800
n03710193_12945.JPEG,0.0000,0.1020,0.8563,0.9960
n03710193_12982.JPEG,0.2674,0.0900,0.7273,0.9220
n03710193_13.JPEG,0.3413,0.2100,0.7653,0.8040
n03710193_1303.JPEG,0.5460,0.1613,0.9780,0.8996
n03710193_13063.JPEG,0.3093,0.0640,0.6880,0.9320
n03710193_1307.JPEG,0.0140,0.0234,0.9680,0.9971
n03710193_13078.JPEG,0.1340,0.0541,0.5840,0.5766
n03710193_13079.JPEG,0.5980,0.4827,0.6900,0.6853
n03710193_13090.JPEG,0.2748,0.0640,0.7023,0.9940
n03710193_13115.JPEG,0.0040,0.0000,0.9980,0.9940
n03710193_13126.JPEG,0.2674,0.0700,0.7380,0.9340
n03710193_13139.JPEG,0.2447,0.0500,0.7261,0.9140
n03710193_13161.JPEG,0.0000,0.0000,0.9980,0.9973
n03710193_13176.JPEG,0.0811,0.2320,0.9940,0.9960
n03710193_13295.JPEG,0.2480,0.2523,0.3780,0.7327
n03710193_13339.JPEG,0.3153,0.2840,0.7327,0.8800
n03710193_13401.JPEG,0.4880,0.0960,0.7740,0.8640
n03710193_13401.JPEG,0.1200,0.2800,0.3160,0.7760
n03710193_13401.JPEG,0.2780,0.2560,0.5120,0.7973
n03710193_1343.JPEG,0.1120,0.3020,0.6453,0.7240
n03710193_13475.JPEG,0.2933,0.0720,0.7013,0.9400
n03710193_13499.JPEG,0.2827,0.0720,0.6693,0.9340
n03710193_13534.JPEG,0.7880,0.1662,0.9580,0.5468
n03710193_13534.JPEG,0.5800,0.0000,0.7880,0.3051
n03710193_13534.JPEG,0.1180,0.5740,0.3360,0.9909
n03710193_13534.JPEG,0.0820,0.1480,0.3000,0.5710
n03710193_13534.JPEG,0.3820,0.5045,0.9960,0.9940
n03710193_13534.JPEG,0.0000,0.5408,0.1060,0.8580
n03710193_13549.JPEG,0.1653,0.0920,0.8453,0.3660
n03710193_13558.JPEG,0.1400,0.1261,0.9180,0.9399
n03710193_13570.JPEG,0.5200,0.2107,0.6660,0.4107
n03710193_13570.JPEG,0.3540,0.2080,0.5140,0.4080
n03710193_13587.JPEG,0.7060,0.4533,0.7820,0.5973
n03710193_13587.JPEG,0.1680,0.3093,0.2580,0.4320
n03710193_13587.JPEG,0.3080,0.3333,0.4120,0.4800
n03710193_13587.JPEG,0.4480,0.3840,0.5200,0.5147
n03710193_13587.JPEG,0.5760,0.4080,0.6560,0.5520
n03710193_13606.JPEG,0.3920,0.1060,0.8080,0.8320
n03710193_13640.JPEG,0.3680,0.4420,0.5280,0.5940
n03710193_13647.JPEG,0.2200,0.2267,0.6100,0.6933
n03710193_1366.JPEG,0.2880,0.6300,0.7660,0.8600
n03710193_13689.JPEG,0.2720,0.1040,0.6987,0.9360
n03710193_13715.JPEG,0.2597,0.1020,0.7403,0.6400
n03710193_13735.JPEG,0.1180,0.3243,0.3060,0.5435
n03710193_13748.JPEG,0.3075,0.0460,0.6872,0.9760
n03710193_13791.JPEG,0.4500,0.0000,0.9980,0.9970
n03710193_13834.JPEG,0.0000,0.0390,0.9980,0.9970
n03710193_13845.JPEG,0.0320,0.0631,0.9760,0.9970
n03710193_13854.JPEG,0.2553,0.1020,0.7287,0.9240
n03710193_13863.JPEG,0.6300,0.0640,0.8180,0.8240
n03710193_13870.JPEG,0.1023,0.0320,0.8860,0.9700
n03710193_13881.JPEG,0.5380,0.6560,0.6000,0.7413
n03710193_13910.JPEG,0.4180,0.0749,0.9840,0.9970
n03710193_13925.JPEG,0.1765,0.0420,0.8075,0.9600
n03710193_1393.JPEG,0.2720,0.2240,0.6133,0.9560
n03710193_13937.JPEG,0.4800,0.4354,0.8620,0.8288
n03710193_13937.JPEG,0.0340,0.4414,0.3900,0.8769
n03710193_13966.JPEG,0.1387,0.4620,0.3493,0.6320
n03710193_13967.JPEG,0.2846,0.0540,0.7154,0.9420
n03710193_14006.JPEG,0.0400,0.0000,0.9980,0.8667
n03710193_14052.JPEG,0.6060,0.1067,0.9020,0.9973
n03710193_14098.JPEG,0.4120,0.3200,0.6060,0.5333
n03710193_14118.JPEG,0.0560,0.6488,0.9140,0.9957
n03710193_14125.JPEG,0.2640,0.5808,0.7200,0.7994
n03710193_14190.JPEG,0.2400,0.0560,0.7627,0.9540
n03710193_14215.JPEG,0.5040,0.0076,0.7260,0.9949
n03710193_14222.JPEG,0.0587,0.0920,0.9813,0.9900
n03710193_14224.JPEG,0.2400,0.0000,0.9940,0.9969
n03710193_14254.JPEG,0.1660,0.1333,0.3700,0.6640
n03710193_14260.JPEG,0.1740,0.4895,0.3400,0.6156
n03710193_14260.JPEG,0.8000,0.3634,0.8300,0.3964
n03710193_14260.JPEG,0.3200,0.3724,0.3580,0.4084
n03710193_1430.JPEG,0.2827,0.0800,0.6693,0.9140
n03710193_14304.JPEG,0.0860,0.0000,0.9880,0.9973
n03710193_14306.JPEG,0.0020,0.0060,0.9540,0.9970
n03710193_14320.JPEG,0.3964,0.1140,0.8078,0.6660
n03710193_14340.JPEG,0.2187,0.1600,0.8853,0.2760
n03710193_14370.JPEG,0.1620,0.3040,0.9160,0.6373
n03710193_14395.JPEG,0.3947,0.2120,0.9120,0.9960
n03710193_14434.JPEG,0.3120,0.1013,0.6780,0.7840
n03710193_14474.JPEG,0.0000,0.0000,0.7893,0.6160
n03710193_1448.JPEG,0.1360,0.0000,0.6480,0.9940
n03710193_14503.JPEG,0.2866,0.0840,0.7006,0.6220
n03710193_14530.JPEG,0.2427,0.0500,0.7413,0.7760
n03710193_1454.JPEG,0.2553,0.0560,0.7447,0.9440
n03710193_14541.JPEG,0.2480,0.0420,0.7493,0.9800
n03710193_14595.JPEG,0.0450,0.1440,0.9009,0.7360
n03710193_14621.JPEG,0.2160,0.2320,0.7600,0.9760
n03710193_14641.JPEG,0.1020,0.0053,0.8120,0.9947
n03710193_14685.JPEG,0.3253,0.5220,0.5867,0.7960
n03710193_14709.JPEG,0.2420,0.0000,0.9980,0.9970
n03710193_14752.JPEG,0.0000,0.0000,0.9980,0.9973
n03710193_14784.JPEG,0.2861,0.0560,0.6952,0.9440
n03710193_14797.JPEG,0.2613,0.0740,0.7360,0.9340
n03710193_14798.JPEG,0.2880,0.0720,0.7253,0.9220
n03710193_14929.JPEG,0.2267,0.0600,0.7760,0.9400
n03710193_14938.JPEG,0.5500,0.2827,0.9100,0.8160
n03710193_14938.JPEG,0.1440,0.2933,0.5060,0.8187
n03710193_14958.JPEG,0.2320,0.0520,0.7467,0.9400
n03710193_14969.JPEG,0.2587,0.2680,0.7918,0.6100
n03710193_14970.JPEG,0.2760,0.0000,0.8680,0.3093
n03710193_15035.JPEG,0.3200,0.1540,0.6960,0.7740
n03710193_15035.JPEG,0.1813,0.1020,0.5520,0.5700
n03710193_15070.JPEG,0.2880,0.0560,0.7200,0.9460
n03710193_15073.JPEG,0.7600,0.0920,0.9093,0.3540
n03710193_15073.JPEG,0.4187,0.1040,0.5493,0.3040
n03710193_15179.JPEG,0.1280,0.1400,0.8293,0.6240
n03710193_15187.JPEG,0.2620,0.0540,0.7380,0.9420
n03710193_1521.JPEG,0.1240,0.2335,0.3260,0.3713
n03710193_15214.JPEG,0.6350,0.1740,0.9927,0.7420
n03710193_15221.JPEG,0.2440,0.1360,0.5340,0.9893
n03710193_15246.JPEG,0.2560,0.0400,0.9200,0.8960
n03710193_15251.JPEG,0.0541,0.1540,0.8619,0.8000
n03710193_15254.JPEG,0.1011,0.0300,0.8989,0.9240
n03710193_15280.JPEG,0.5453,0.3680,0.6439,0.5100
n03710193_15311.JPEG,0.1180,0.0781,0.3920,0.9970
n03710193_15329.JPEG,0.7910,0.3200,0.9638,0.5100
n03710193_15329.JPEG,0.1962,0.2500,0.3945,0.4520
n03710193_1536.JPEG,0.1100,0.0000,0.9240,0.9920
n03710193_15376.JPEG,0.2613,0.0820,0.7413,0.9360
n03710193_15409.JPEG,0.2730,0.2520,0.5519,0.4000
n03710193_15424.JPEG,0.2500,0.0540,0.7527,0.9400
n03710193_1543.JPEG,0.0960,0.0240,0.9120,0.9947
n03710193_15450.JPEG,0.3000,0.3000,0.6620,0.8400
n03710193_15479.JPEG,0.1862,0.0700,0.8468,0.9720
n03710193_15500.JPEG,0.3067,0.0760,0.7200,0.7720
n03710193_15551.JPEG,0.3085,0.0760,0.6915,0.9360
n03710193_15585.JPEG,0.4930,0.4980,0.9048,0.8960
n03710193_15585.JPEG,0.0196,0.3700,0.4790,0.8000
n03710193_15596.JPEG,0.3059,0.1000,0.7048,0.9240
n03710193_15600.JPEG,0.3059,0.0640,0.6915,0.9240
n03710193_15623.JPEG,0.2613,0.0520,0.6853,0.9620
n03710193_15642.JPEG,0.0620,0.3511,0.6500,0.8911
n03710193_15656.JPEG,0.0000,0.0907,0.3740,0.9947
n03710193_15688.JPEG,0.2192,0.1640,0.5856,0.4540
n03710193_15697.JPEG,0.6540,0.4072,0.9540,0.9940
n03710193_15730.JPEG,0.4440,0.4519,0.5240,0.6016
n03710193_15736.JPEG,0.5240,0.2432,0.9660,0.7808
n03710193_15736.JPEG,0.0200,0.2132,0.4860,0.7568
n03710193_15744.JPEG,0.5020,0.6757,0.5740,0.8709
n03710193_15744.JPEG,0.4200,0.6486,0.4900,0.8168
n03710193_15759.JPEG,0.7140,0.4453,0.8960,0.7040
n03710193_15765.JPEG,0.0480,0.0500,0.6267,0.4500
n03710193_15805.JPEG,0.2480,0.0800,0.8000,0.9700
n03710193_15826.JPEG,0.1680,0.0840,0.7200,0.9160
n03710193_15826.JPEG,0.2880,0.0200,0.7280,0.2600
n03710193_15852.JPEG,0.0560,0.0000,0.9253,0.9960
n03710193_15885.JPEG,0.2493,0.4200,0.7064,0.8420
n03710193_15950.JPEG,0.2240,0.0428,0.7000,0.9572
n03710193_15986.JPEG,0.1682,0.0500,0.7688,0.9540
n03710193_1599.JPEG,0.2567,0.0500,0.7380,0.9460
n03710193_15994.JPEG,0.4660,0.3724,0.5440,0.5916
n03710193_16113.JPEG,0.2553,0.0740,0.7207,0.9320
n03710193_16123.JPEG,0.5074,0.4910,0.6068,0.6733
n03710193_16131.JPEG,0.1360,0.0740,0.7360,0.9300
n03710193_16148.JPEG,0.0675,0.3560,0.6150,0.6300
n03710193_16208.JPEG,0.2527,0.0600,0.7394,0.9220
n03710193_16313.JPEG,0.0940,0.0837,0.5620,0.9951
n03710193_16445.JPEG,0.2060,0.1170,0.7960,0.9415
n03710193_16475.JPEG,0.1377,0.1640,0.9072,0.8700
n03710193_16575.JPEG,0.2540,0.0760,0.7380,0.9260
n03710193_1658.JPEG,0.2667,0.0800,0.7520,0.9420
n03710193_16583.JPEG,0.2433,0.0460,0.7513,0.9420
n03710193_1659.JPEG,0.2053,0.0340,0.7653,0.9820
n03710193_16702.JPEG,0.2941,0.0620,0.7086,0.9460
n03710193_168.JPEG,0.2187,0.0360,0.7680,0.9620
n03710193_168.JPEG,0.0000,0.0440,0.1413,0.9540
n03710193_16829.JPEG,0.1000,0.0747,0.7980,0.8587
n03710193_1693.JPEG,0.2601,0.0640,0.7292,0.9420
n03710193_17007.JPEG,0.2747,0.0700,0.7067,0.9140
n03710193_17061.JPEG,0.0760,0.1253,0.3440,0.3120
n03710193_17070.JPEG,0.3427,0.1100,0.6693,0.8640
n03710193_17123.JPEG,0.2567,0.0540,0.7406,0.9400
n03710193_17140.JPEG,0.2480,0.0640,0.7413,0.9340
n03710193_17184.JPEG,0.2500,0.0660,0.7261,0.9400
n03710193_17210.JPEG,0.2766,0.0720,0.7340,0.9300
n03710193_17251.JPEG,0.7100,0.5150,0.7920,0.8353
n03710193_17265.JPEG,0.3880,0.1173,0.7700,0.8667
n03710193_17360.JPEG,0.0000,0.2060,0.9942,0.9960
n03710193_1744.JPEG,0.0569,0.2240,0.4499,0.4460
n03710193_17507.JPEG,0.2527,0.0640,0.7340,0.9520
n03710193_17552.JPEG,0.2213,0.0660,0.7867,0.9300
n03710193_1756.JPEG,0.2533,0.0720,0.7333,0.9240
n03710193_17560.JPEG,0.2979,0.0540,0.7128,0.9560
n03710193_17575.JPEG,0.1227,0.0920,0.9413,0.9900
n03710193_17588.JPEG,0.2693,0.0700,0.7547,0.9240
n03710193_17650.JPEG,0.1450,0.0900,0.7775,0.9740
n03710193_17664.JPEG,0.2594,0.0640,0.7219,0.9440
n03710193_17743.JPEG,0.2320,0.0800,0.7680,0.9920
n03710193_17980.JPEG,0.2853,0.0500,0.7387,0.9900
n03710193_181.JPEG,0.0000,0.0507,0.9980,0.9973
n03710193_1814.JPEG,0.2667,0.0660,0.7200,0.9300
n03710193_18141.JPEG,0.1620,0.1840,0.7980,0.8187
n03710193_18179.JPEG,0.2207,0.0540,0.7633,0.9440
n03710193_18212.JPEG,0.0020,0.0506,0.9980,0.9970
n03710193_18222.JPEG,0.2747,0.2360,0.7013,0.4240
n03710193_18229.JPEG,0.0901,0.0520,0.8258,0.9960
n03710193_18358.JPEG,0.2987,0.1440,0.7093,0.9240
n03710193_18493.JPEG,0.0560,0.1173,0.3440,0.8933
n03710193_18493.JPEG,0.3540,0.0800,0.6880,0.8293
n03710193_18493.JPEG,0.6460,0.1067,0.8440,0.7467
n03710193_18537.JPEG,0.4380,0.2817,0.9980,0.9380
n03710193_18546.JPEG,0.4613,0.3700,0.5600,0.6300
n03710193_18670.JPEG,0.2074,0.0320,0.7686,0.9540
n03710193_18744.JPEG,0.1441,0.0660,0.8108,0.8820
n03710193_18750.JPEG,0.2660,0.0860,0.7394,0.9140
n03710193_18762.JPEG,0.0960,0.1028,0.8700,0.9969
n03710193_18883.JPEG,0.0000,0.0111,0.9935,0.9933
n03710193_19036.JPEG,0.1547,0.1100,0.6293,0.9420
n03710193_19144.JPEG,0.0600,0.1528,0.7540,0.8601
n03710193_19250.JPEG,0.1880,0.0120,0.7900,0.9006
n03710193_1946.JPEG,0.2605,0.0520,0.7485,0.9120
n03710193_1963.JPEG,0.0300,0.2305,0.3660,0.7515
n03710193_19733.JPEG,0.1200,0.0000,0.9460,0.9970
n03710193_20222.JPEG,0.1240,0.2784,0.8660,0.6048
n03710193_20247.JPEG,0.2560,0.0740,0.7360,0.9300
n03710193_2026.JPEG,0.2567,0.0740,0.7433,0.9400
n03710193_20684.JPEG,0.0850,0.3600,0.9400,0.6400
n03710193_20691.JPEG,0.3500,0.1201,0.8540,0.6456
n03710193_2084.JPEG,0.3728,0.0040,0.9589,0.7200
n03710193_20846.JPEG,0.2933,0.0740,0.7013,0.9160
n03710193_21120.JPEG,0.1320,0.0880,0.7300,0.9973
n03710193_21123.JPEG,0.3686,0.0460,0.8822,0.3600
n03710193_21714.JPEG,0.0961,0.0200,0.9129,0.9960
n03710193_21885.JPEG,0.0800,0.0420,0.9200,0.9960
n03710193_21959.JPEG,0.2293,0.0960,0.6960,0.8600
n03710193_22046.JPEG,0.1500,0.0849,0.8720,0.8137
n03710193_22082.JPEG,0.3067,0.1940,0.6213,0.7200
n03710193_2217.JPEG,0.4384,0.1420,0.9940,0.9360
n03710193_2217.JPEG,0.0330,0.0340,0.4264,0.5120
n03710193_22217.JPEG,0.1200,0.2133,0.8280,0.6880
n03710193_22225.JPEG,0.3191,0.0940,0.6809,0.9100
n03710193_22318.JPEG,0.2447,0.0600,0.7553,0.9120
n03710193_22325.JPEG,0.2480,0.0660,0.7413,0.9340
n03710193_22342.JPEG,0.1740,0.0165,0.6260,0.5670
n03710193_22387.JPEG,0.2533,0.0800,0.7680,0.9320
n03710193_22415.JPEG,0.2326,0.0620,0.7513,0.9300
n03710193_2244.JPEG,0.0751,0.0740,0.9189,0.8560
n03710193_22465.JPEG,0.2793,0.0740,0.7207,0.9200
n03710193_22475.JPEG,0.5600,0.3610,0.6080,0.5615
n03710193_22475.JPEG,0.3860,0.3610,0.4540,0.5588
n03710193_22475.JPEG,0.4980,0.3556,0.5480,0.5561
n03710193_22475.JPEG,0.4540,0.3422,0.4920,0.5615
n03710193_22483.JPEG,0.0000,0.1140,0.7493,0.9960
n03710193_22483.JPEG,0.6560,0.1760,0.9947,0.9960
n03710193_22487.JPEG,0.2380,0.5318,0.7080,0.9971
n03710193_22492.JPEG,0.1600,0.1400,0.8613,0.9960
n03710193_22499.JPEG,0.0240,0.0000,0.9980,0.9973
n03710193_22563.JPEG,0.2834,0.0800,0.7086,0.9260
n03710193_22600.JPEG,0.1652,0.3140,0.7357,0.5820
n03710193_22632.JPEG,0.2527,0.5520,0.8963,0.9820
n03710193_22661.JPEG,0.1795,0.1800,0.6980,0.8940
n03710193_22734.JPEG,0.2400,0.0540,0.7493,0.9420
n03710193_22748.JPEG,0.0760,0.2200,0.6079,0.7760
n03710193_22816.JPEG,0.1257,0.1020,0.8144,0.8320
n03710193_22842.JPEG,0.0781,0.3880,0.9940,0.9960
n03710193_22853.JPEG,0.0860,0.0871,0.5620,0.8228
n03710193_2311.JPEG,0.4960,0.0330,0.7080,0.9520
n03710193_23129.JPEG,0.2500,0.0620,0.7394,0.9340
n03710193_23161.JPEG,0.3005,0.0400,0.8415,0.3720
n03710193_23237.JPEG,0.2596,0.0060,0.7552,0.9320
n03710193_2338.JPEG,0.1799,0.0720,0.8237,0.8960
n03710193_2355.JPEG,0.2613,0.0600,0.7387,0.9460
n03710193_23608.JPEG,0.0595,0.3155,0.4048,0.7381
n03710193_23608.JPEG,0.3413,0.3095,0.6230,0.5417
n03710193_2363.JPEG,0.2800,0.2540,0.7253,0.7320
n03710193_23682.JPEG,0.0871,0.1420,0.6818,0.9739
n03710193_23682.JPEG,0.7008,0.2870,0.8674,0.6116
n03710193_23682.JPEG,0.0152,0.2696,0.1061,0.6145
n03710193_2381.JPEG,0.1780,0.1658,0.5300,0.8663
n03710193_2381.JPEG,0.5280,0.1738,0.8700,0.8690
n03710193_2384.JPEG,0.2633,0.0740,0.7154,0.9220
n03710193_2400.JPEG,0.3620,0.2673,0.5960,0.7177
n03710193_2423.JPEG,0.1987,0.1340,0.7914,0.9240
n03710193_2487.JPEG,0.1380,0.1893,0.7840,0.8427
n03710193_25253.JPEG,0.1067,0.0660,0.9653,0.9620
n03710193_25475.JPEG,0.5200,0.1460,0.9333,0.8760
n03710193_25475.JPEG,0.0427,0.1440,0.4693,0.8720
n03710193_2548.JPEG,0.2720,0.0520,0.7360,0.9620
n03710193_25683.JPEG,0.2587,0.0740,0.7387,0.9220
n03710193_25729.JPEG,0.1760,0.0140,0.7360,0.9220
n03710193_25783.JPEG,0.2952,0.0940,0.7154,0.9240
n03710193_26067.JPEG,0.3280,0.1840,0.6667,0.8900
n03710193_26107.JPEG,0.2453,0.0560,0.7547,0.9420
n03710193_262.JPEG,0.2080,0.0340,0.7600,0.9760
n03710193_26219.JPEG,0.0680,0.0160,0.9547,0.9800
n03710193_26454.JPEG,0.2587,0.0720,0.7493,0.9500
n03710193_2647.JPEG,0.1084,0.2880,0.8434,0.9960
n03710193_2649.JPEG,0.0989,0.0240,0.9171,0.9940
n03710193_26497.JPEG,0.3313,0.4640,0.6955,0.7640
n03710193_26909.JPEG,0.6360,0.1261,0.9860,0.7387
n03710193_2714.JPEG,0.2633,0.0400,0.7207,0.9440
n03710193_27201.JPEG,0.0920,0.0000,0.8740,0.8507
n03710193_275.JPEG,0.0482,0.1300,0.6807,0.9440
n03710193_275.JPEG,0.6717,0.1960,0.8524,0.8300
n03710193_27573.JPEG,0.1120,0.0660,0.8827,0.8220
n03710193_27849.JPEG,0.4460,0.2640,0.5640,0.7040
n03710193_27857.JPEG,0.3029,0.0520,0.7024,0.9460
n03710193_279.JPEG,0.0000,0.0000,0.9960,0.9970
n03710193_27922.JPEG,0.3493,0.0860,0.6133,0.8720
n03710193_2794.JPEG,0.1557,0.2660,0.6198,0.5140
n03710193_27984.JPEG,0.3520,0.1200,0.8000,0.9340
n03710193_28015.JPEG,0.0000,0.1000,0.9946,0.9960
n03710193_2851.JPEG,0.2560,0.0900,0.7493,0.9220
n03710193_2957.JPEG,0.2880,0.2440,0.6613,0.5200
n03710193_29639.JPEG,0.1942,0.1600,0.8348,0.9520
n03710193_29667.JPEG,0.2427,0.0920,0.7413,0.9400
n03710193_2983.JPEG,0.2160,0.0300,0.7760,0.9900
n03710193_2990.JPEG,0.1700,0.0668,0.8140,0.9973
n03710193_2991.JPEG,0.2713,0.0700,0.7340,0.9320
n03710193_29935.JPEG,0.5440,0.1920,0.8160,0.6040
n03710193_3028.JPEG,0.1420,0.3323,0.9080,0.9701
n03710193_30470.JPEG,0.1020,0.0449,0.9740,0.9970
n03710193_3054.JPEG,0.2667,0.0820,0.7387,0.9040
n03710193_30610.JPEG,0.3600,0.1174,0.6220,0.9964
n03710193_3075.JPEG,0.1060,0.0387,0.6420,0.9510
n03710193_30888.JPEG,0.2693,0.1620,0.6800,0.9360
n03710193_30953.JPEG,0.2994,0.2100,0.7814,0.8700
n03710193_31153.JPEG,0.2011,0.3840,0.9944,0.9960
n03710193_31854.JPEG,0.2213,0.0560,0.7627,0.9320
n03710193_32012.JPEG,0.2015,0.1120,0.7743,0.7760
n03710193_3205.JPEG,0.0960,0.1186,0.9260,0.7860
n03710193_3208.JPEG,0.2133,0.0220,0.6453,0.9820
n03710193_324.JPEG,0.1011,0.0700,0.9096,0.9420
n03710193_32459.JPEG,0.2565,0.0500,0.7042,0.9420
n03710193_3274.JPEG,0.2027,0.0740,0.7467,0.9320
n03710193_32879.JPEG,0.2267,0.0520,0.7520,0.9760
n03710193_32887.JPEG,0.3787,0.1300,0.8960,0.9540
n03710193_3295.JPEG,0.0560,0.0846,0.9760,0.8550
n03710193_33008.JPEG,0.2540,0.0027,0.8220,0.9040
n03710193_3333.JPEG,0.2949,0.4180,0.6994,0.7340
n03710193_33492.JPEG,0.0000,0.0000,0.7000,0.9940
n03710193_3352.JPEG,0.1620,0.1627,0.7860,0.9973
n03710193_337.JPEG,0.3754,0.2620,0.9039,0.7740
n03710193_3385.JPEG,0.4300,0.2507,0.7400,0.4827
n03710193_340.JPEG,0.2941,0.0500,0.7139,0.9460
n03710193_3427.JPEG,0.5526,0.3600,0.6667,0.4620
n03710193_3439.JPEG,0.2267,0.0440,0.7627,0.9460
n03710193_34472.JPEG,0.3333,0.2040,0.6877,0.7600
n03710193_34990.JPEG,0.2720,0.0540,0.6987,0.9560
n03710193_35024.JPEG,0.2575,0.3200,0.9192,0.9840
n03710193_3523.JPEG,0.2480,0.0700,0.7467,0.9020
n03710193_35249.JPEG,0.2102,0.1460,0.9610,0.9220
n03710193_3527.JPEG,0.2968,0.0560,0.6952,0.9600
n03710193_35318.JPEG,0.2594,0.0720,0.7433,0.9320
n03710193_3552.JPEG,0.5000,0.6293,0.9420,0.9973
n03710193_35942.JPEG,0.2012,0.0760,0.7508,0.9640
n03710193_3612.JPEG,0.0000,0.3840,0.5736,0.8760
n03710193_36233.JPEG,0.2314,0.0540,0.7500,0.9420
n03710193_36568.JPEG,0.2800,0.0720,0.6960,0.9260
n03710193_3678.JPEG,0.2594,0.0640,0.7406,0.9900
n03710193_37133.JPEG,0.7345,0.4560,0.8249,0.6600
n03710193_37241.JPEG,0.1253,0.0000,0.9947,0.9960
n03710193_37414.JPEG,0.0500,0.1940,0.6840,0.9740
n03710193_37541.JPEG,0.2527,0.0660,0.7420,0.9320
n03710193_3767.JPEG,0.3077,0.0900,0.6711,0.9140
n03710193_3813.JPEG,0.2560,0.0440,0.7413,0.9600
n03710193_385.JPEG,0.0000,0.1840,0.8309,0.9960
n03710193_38690.JPEG,0.0749,0.3560,0.8443,0.7800
n03710193_3952.JPEG,0.2587,0.0740,0.7360,0.9260
n03710193_4035.JPEG,0.2347,0.0700,0.7120,0.9940
n03710193_4058.JPEG,0.2000,0.4625,0.2860,0.9009
n03710193_4075.JPEG,0.0860,0.4805,0.1820,0.9730
n03710193_4089.JPEG,0.3780,0.1532,0.5900,0.9640
n03710193_4135.JPEG,0.3059,0.0620,0.6915,0.9240
n03710193_4136.JPEG,0.2347,0.2460,0.7733,0.9920
n03710193_4150.JPEG,0.3200,0.1175,0.5220,0.4880
n03710193_42.JPEG,0.2553,0.0220,0.7766,0.9800
n03710193_4266.JPEG,0.0400,0.0340,0.9620,0.8960
n03710193_4314.JPEG,0.4240,0.2162,0.8380,0.9399
n03710193_435.JPEG,0.0933,0.1640,0.6693,0.9600
n03710193_4357.JPEG,0.2132,0.1160,0.9309,0.7200
n03710193_4365.JPEG,0.2580,0.0760,0.7314,0.9140
n03710193_4425.JPEG,0.3893,0.1640,0.6160,0.8940
n03710193_4482.JPEG,0.2553,0.0840,0.7340,0.9240
n03710193_46.JPEG,0.0240,0.1120,0.4660,0.5360
n03710193_46.JPEG,0.5280,0.1020,0.9720,0.5260
n03710193_4649.JPEG,0.8120,0.1947,0.9140,0.5973
n03710193_465.JPEG,0.5580,0.0081,0.6820,0.2642
n03710193_46568.JPEG,0.1653,0.1740,0.7733,0.7040
n03710193_4662.JPEG,0.3520,0.0720,0.6860,0.9333
n03710193_4674.JPEG,0.2433,0.0440,0.7701,0.9520
n03710193_472.JPEG,0.1970,0.0540,0.7910,0.9960
n03710193_4745.JPEG,0.4293,0.1220,0.7600,0.7240
n03710193_4752.JPEG,0.0987,0.0500,0.7493,0.8560
n03710193_4753.JPEG,0.2200,0.1140,0.7675,0.8960
n03710193_4784.JPEG,0.2754,0.0660,0.7086,0.9360
n03710193_4812.JPEG,0.2733,0.1660,0.6907,0.9600
n03710193_4821.JPEG,0.0601,0.0260,0.9940,0.9860
n03710193_4846.JPEG,0.3787,0.0740,0.6347,0.4860
n03710193_4847.JPEG,0.2692,0.0720,0.7205,0.9340
n03710193_4930.JPEG,0.7600,0.2913,0.9160,0.6126
n03710193_4955.JPEG,0.0900,0.0994,0.5400,0.7440
n03710193_4987.JPEG,0.3147,0.1400,0.6747,0.8820
n03710193_5007.JPEG,0.2660,0.0660,0.7128,0.9420
n03710193_5034.JPEG,0.1766,0.6880,0.3905,0.9660
n03710193_5044.JPEG,0.2987,0.1020,0.7653,0.9940
n03710193_5075.JPEG,0.3700,0.0933,0.9160,0.9947
n03710193_5132.JPEG,0.0160,0.1000,0.9787,0.9540
n03710193_5152.JPEG,0.2754,0.0860,0.7380,0.9100
n03710193_518.JPEG,0.2703,0.0060,0.7207,0.2720
n03710193_5203.JPEG,0.3102,0.1340,0.6898,0.9300
n03710193_5244.JPEG,0.2480,0.1867,0.6840,0.8667
n03710193_53.JPEG,0.2720,0.0460,0.7387,0.9460
n03710193_5311.JPEG,0.2580,0.0920,0.7340,0.9140
n03710193_5482.JPEG,0.8220,0.4054,0.9980,0.6246
n03710193_55.JPEG,0.0000,0.0053,0.9980,0.9947
n03710193_5504.JPEG,0.2633,0.0900,0.7340,0.9020
n03710193_5521.JPEG,0.0616,0.1140,0.8151,0.8060
n03710193_5526.JPEG,0.2594,0.2020,0.7914,0.9360
n03710193_5554.JPEG,0.0240,0.0000,0.4700,0.9429
n03710193_5554.JPEG,0.4700,0.0390,0.9960,0.9940
n03710193_5578.JPEG,0.2500,0.0560,0.7447,0.9400
n03710193_5593.JPEG,0.4320,0.0088,0.6380,0.3289
n03710193_569.JPEG,0.0024,0.0040,0.9952,0.9940
n03710193_5695.JPEG,0.2727,0.0740,0.7086,0.9340
n03710193_5699.JPEG,0.2766,0.0640,0.7154,0.9400
n03710193_5703.JPEG,0.1160,0.0000,0.9080,0.6582
n03710193_5740.JPEG,0.2420,0.5500,0.4860,0.9100
n03710193_5742.JPEG,0.3191,0.1920,0.6782,0.8220
n03710193_5846.JPEG,0.2340,0.0600,0.7500,0.9400
n03710193_5911.JPEG,0.1680,0.4600,0.2613,0.6400
n03710193_5950.JPEG,0.1905,0.2940,0.7703,0.7860
n03710193_5992.JPEG,0.3740,0.4260,0.6180,0.7160
n03710193_605.JPEG,0.4720,0.2747,0.7100,0.9733
n03710193_6060.JPEG,0.2560,0.0700,0.7493,0.9320
n03710193_6064.JPEG,0.0473,0.2520,0.9024,0.8620
n03710193_6071.JPEG,0.1441,0.0760,0.7417,0.9540
n03710193_6080.JPEG,0.2823,0.1340,0.6962,0.8540
n03710193_6128.JPEG,0.2299,0.0500,0.9947,0.9420
n03710193_613.JPEG,0.4220,0.3067,0.4960,0.4373
n03710193_620.JPEG,0.2200,0.5467,0.7600,0.7947
n03710193_6202.JPEG,0.0000,0.0920,0.7353,0.9040
n03710193_6230.JPEG,0.2607,0.3500,0.8964,0.9440
n03710193_6237.JPEG,0.4080,0.3400,0.6453,0.5860
n03710193_6256.JPEG,0.4375,0.1300,0.8304,0.6440
n03710193_6284.JPEG,0.2674,0.0460,0.7273,0.9500
n03710193_6335.JPEG,0.5140,0.0808,0.9380,0.8922
n03710193_6335.JPEG,0.0000,0.0000,0.5200,0.9790
n03710193_6363.JPEG,0.0030,0.0100,0.9219,0.9960
n03710193_6398.JPEG,0.2807,0.0640,0.7380,0.9500
n03710193_6413.JPEG,0.2580,0.0860,0.7686,0.9220
n03710193_6417.JPEG,0.3680,0.2575,0.9240,0.8713
n03710193_6417.JPEG,0.3040,0.2186,0.4540,0.3563
n03710193_648.JPEG,0.2166,0.1320,0.7567,0.9640
n03710193_6501.JPEG,0.1900,0.1381,0.8420,0.7988
n03710193_6522.JPEG,0.2600,0.1150,0.7160,0.9973
n03710193_6526.JPEG,0.2900,0.1340,0.6650,0.5060
n03710193_6570.JPEG,0.2580,0.0347,0.8480,0.9947
n03710193_6579.JPEG,0.0985,0.0100,0.8467,0.9960
n03710193_6607.JPEG,0.2527,0.0740,0.7394,0.9220
n03710193_6678.JPEG,0.1246,0.0060,0.9813,0.7200
n03710193_6707.JPEG,0.2460,0.0600,0.7433,0.9400
n03710193_6719.JPEG,0.2527,0.0720,0.7394,0.9460
n03710193_6725.JPEG,0.1920,0.1104,0.8300,0.6478
n03710193_68.JPEG,0.0040,0.0000,0.7120,0.8783
n03710193_6815.JPEG,0.2400,0.0700,0.7147,0.9540
n03710193_6823.JPEG,0.4300,0.0452,0.8360,0.9518
n03710193_6866.JPEG,0.0780,0.0000,0.9980,0.9910
n03710193_6914.JPEG,0.3003,0.1260,0.9940,0.8920
n03710193_6954.JPEG,0.1600,0.0960,0.7680,0.9340
n03710193_6987.JPEG,0.2727,0.0700,0.7246,0.9440
n03710193_7005.JPEG,0.1893,0.0540,0.9387,0.8760
n03710193_7035.JPEG,0.2880,0.1300,0.6880,0.9040
n03710193_7060.JPEG,0.2353,0.1020,0.8075,0.8940
n03710193_7105.JPEG,0.2347,0.0540,0.7653,0.9540
n03710193_7149.JPEG,0.2560,0.0660,0.7413,0.9240
n03710193_716.JPEG,0.0601,0.0740,0.8919,0.8600
n03710193_7319.JPEG,0.2560,0.0640,0.7520,0.9260
n03710193_7328.JPEG,0.2166,0.0660,0.7834,0.9300
n03710193_735.JPEG,0.2660,0.0475,0.7020,0.9975
n03710193_7364.JPEG,0.2660,0.0620,0.7154,0.9260
n03710193_7427.JPEG,0.4234,0.3940,0.9429,0.8440
n03710193_7494.JPEG,0.4916,0.2860,0.9398,0.9220
n03710193_7627.JPEG,0.1680,0.1733,0.5360,0.8880
n03710193_763.JPEG,0.2500,0.0640,0.7527,0.9440
n03710193_7655.JPEG,0.4054,0.5520,0.7087,0.9160
n03710193_7692.JPEG,0.5500,0.2427,0.8020,0.7947
n03710193_7694.JPEG,0.4540,0.3573,0.5880,0.7653
n03710193_771.JPEG,0.2827,0.1340,0.7787,0.3660
n03710193_775.JPEG,0.3800,0.4700,0.5200,0.6800
n03710193_775.JPEG,0.2620,0.4280,0.4100,0.6120
n03710193_778.JPEG,0.2948,0.3200,0.8993,0.6160
n03710193_7797.JPEG,0.0800,0.1300,0.6453,0.4160
n03710193_7833.JPEG,0.2968,0.0600,0.6818,0.9320
n03710193_7839.JPEG,0.0000,0.0000,0.9887,0.9940
n03710193_7840.JPEG,0.2766,0.0120,0.7154,0.9920
n03710193_7903.JPEG,0.4267,0.4100,0.9387,0.8720
n03710193_799.JPEG,0.2320,0.0300,0.7813,0.9620
n03710193_800.JPEG,0.1160,0.1081,0.8140,0.8829
n03710193_8036.JPEG,0.0000,0.0000,0.9947,0.9960
n03710193_811.JPEG,0.2282,0.0840,0.9670,0.9600
n03710193_8141.JPEG,0.0800,0.2700,0.7813,0.6160
n03710193_8200.JPEG,0.7340,0.4011,0.8660,0.6417
n03710193_839.JPEG,0.2102,0.4720,0.3333,0.5460
n03710193_8490.JPEG,0.1320,0.0541,0.9540,0.7027
n03710193_854.JPEG,0.7100,0.3013,0.9060,0.5440
n03710193_8542.JPEG,0.0680,0.2053,0.9080,0.7947
n03710193_857.JPEG,0.2400,0.2900,0.8000,0.8320
n03710193_8709.JPEG,0.2594,0.0900,0.7406,0.9360
n03710193_872.JPEG,0.0300,0.2072,0.3260,0.7928
n03710193_8721.JPEG,0.5760,0.3840,0.8380,0.9813
n03710193_8724.JPEG,0.4140,0.1544,0.5680,0.7544
n03710193_8774.JPEG,0.2861,0.0960,0.7273,0.9020
n03710193_878.JPEG,0.2613,0.0760,0.7360,0.9060
n03710193_8783.JPEG,0.2267,0.0760,0.7893,0.9160
n03710193_894.JPEG,0.5620,0.4286,0.7320,0.8831
n03710193_8962.JPEG,0.1832,0.0720,0.7568,0.9340
n03710193_906.JPEG,0.2941,0.0660,0.6898,0.9300
n03710193_9153.JPEG,0.6800,0.6440,0.8933,0.7400
n03710193_9308.JPEG,0.1333,0.0420,0.8933,0.8720
n03710193_931.JPEG,0.2560,0.0860,0.7253,0.9960
n03710193_932.JPEG,0.4900,0.0906,0.9820,0.9819
n03710193_932.JPEG,0.0320,0.0937,0.5020,0.9909
n03710193_9338.JPEG,0.1095,0.1320,0.9367,0.9520
n03710193_937.JPEG,0.1080,0.0000,0.5920,0.8314
n03710193_9560.JPEG,0.0640,0.0520,0.9701,0.7400
n03710193_9689.JPEG,0.3644,0.2200,0.6223,0.6600
n03710193_974.JPEG,0.0802,0.2740,0.4155,0.4300
n03710193_978.JPEG,0.0520,0.1774,0.7260,0.9203
n03710193_9948.JPEG,0.1832,0.3900,0.4655,0.8700
